#SampleID	SRR1141250	SRR1143350	SRR1145430	SRR1145431	SRR1143324	SRR1145435	SRR1145427	SRR1145428	SRR1141249	SRR1143339	SRR1145429
sk__Archaea	0	0	7	0	1	0	2	25	6	1	2
sk__Archaea;k__;p__Crenarchaeota	0	1	0	0	1	0	0	3	0	0	1
sk__Archaea;k__;p__Euryarchaeota;c__Methanobacteria;o__Methanobacteriales;f__Methanobacteriaceae;g__Methanobacterium	0	0	1	0	0	0	1	0	0	1	2
sk__Bacteria	6179	6127	6140	0	2887	0	5094	9056	5054	1652	4415
sk__Bacteria;k__;p__;c__;o__Haloplasmatales;f__Haloplasmataceae	0	0	0	0	0	0	0	1	0	0	0
sk__Bacteria;k__;p__;c__;o__Haloplasmatales;f__Haloplasmataceae;g__Haloplasma	0	0	5	0	0	0	0	5	0	0	0
sk__Bacteria;k__;p__;c__Candidatus_Babeliae;o__Candidatus_Babeliales	46	73	114	0	34	0	28	190	79	10	68
sk__Bacteria;k__;p__;c__Candidatus_Babeliae;o__Candidatus_Babeliales;f__Candidatus_Babeliaceae	18	8	44	0	9	0	1	69	11	3	24
sk__Bacteria;k__;p__;c__Candidatus_Babeliae;o__Candidatus_Babeliales;f__Candidatus_Babeliaceae;g__Candidatus_Babela	0	0	2	0	0	0	1	1	0	0	1
sk__Bacteria;k__;p__;c__Candidatus_Babeliae;o__Candidatus_Babeliales;f__Candidatus_Babeliaceae;g__Candidatus_Babela;s__Candidatus_Babela_massiliensis	0	1	0	0	0	0	0	0	0	0	0
sk__Bacteria;k__;p__Acidobacteria	15205	1561	3402	0	9390	0	1240	5558	14084	520	2920
sk__Bacteria;k__;p__Acidobacteria;c__;o__;f__;g__;s__Acidobacteria_bacterium_CB_286367	0	1	0	0	0	0	0	0	0	0	0
sk__Bacteria;k__;p__Acidobacteria;c__;o__;f__;g__;s__Acidobacteria_bacterium_Ellin7137	1	0	1	0	0	0	0	0	0	0	0
sk__Bacteria;k__;p__Acidobacteria;c__;o__;f__;g__;s__Acidobacteria_bacterium_IGE-018	14	2	0	0	8	0	3	0	0	0	0
sk__Bacteria;k__;p__Acidobacteria;c__;o__;f__;g__;s__Acidobacteria_bacterium_LWQ4	0	9	0	0	0	0	7	0	0	1	0
sk__Bacteria;k__;p__Acidobacteria;c__Acidobacteriia	5531	46	6531	0	6145	0	30	11030	6383	3	4186
sk__Bacteria;k__;p__Acidobacteria;c__Acidobacteriia;o__Acidobacteriales	9327	104	16133	0	9554	0	77	33235	7276	24	10775
sk__Bacteria;k__;p__Acidobacteria;c__Acidobacteriia;o__Acidobacteriales;f__Acidobacteriaceae	2162	32	609	0	1437	0	27	1786	1158	12	635
sk__Bacteria;k__;p__Acidobacteria;c__Acidobacteriia;o__Acidobacteriales;f__Acidobacteriaceae;g__;s__Acidobacteriaceae_bacterium_A2-4c	1	0	0	0	0	0	0	0	3	0	0
sk__Bacteria;k__;p__Acidobacteria;c__Acidobacteriia;o__Acidobacteriales;f__Acidobacteriaceae;g__;s__bacterium_Ellin323	0	0	1	0	0	0	0	0	0	0	0
sk__Bacteria;k__;p__Acidobacteria;c__Acidobacteriia;o__Acidobacteriales;f__Acidobacteriaceae;g__;s__bacterium_Ellin327	0	0	0	0	1	0	0	1	1	0	0
sk__Bacteria;k__;p__Acidobacteria;c__Acidobacteriia;o__Acidobacteriales;f__Acidobacteriaceae;g__;s__bacterium_Ellin342	1	0	1	0	0	0	0	0	0	0	0
sk__Bacteria;k__;p__Acidobacteria;c__Acidobacteriia;o__Acidobacteriales;f__Acidobacteriaceae;g__;s__bacterium_Ellin5058	1	0	0	0	0	0	0	0	0	0	0
sk__Bacteria;k__;p__Acidobacteria;c__Acidobacteriia;o__Acidobacteriales;f__Acidobacteriaceae;g__;s__bacterium_Ellin6074	0	0	1	0	0	0	0	10	0	0	5
sk__Bacteria;k__;p__Acidobacteria;c__Acidobacteriia;o__Acidobacteriales;f__Acidobacteriaceae;g__Acidicapsa	15	0	1	0	7	0	0	7	9	0	1
sk__Bacteria;k__;p__Acidobacteria;c__Acidobacteriia;o__Acidobacteriales;f__Acidobacteriaceae;g__Acidicapsa;s__Acidicapsa_acidisoli	2	0	0	0	0	0	0	1	2	0	0
sk__Bacteria;k__;p__Acidobacteria;c__Acidobacteriia;o__Acidobacteriales;f__Acidobacteriaceae;g__Acidipila	85	0	60	0	94	0	2	208	92	1	51
sk__Bacteria;k__;p__Acidobacteria;c__Acidobacteriia;o__Acidobacteriales;f__Acidobacteriaceae;g__Acidipila;s__Acidipila_dinghuensis	0	0	0	0	0	0	0	0	1	0	0
sk__Bacteria;k__;p__Acidobacteria;c__Acidobacteriia;o__Acidobacteriales;f__Acidobacteriaceae;g__Acidobacterium;s__Acidobacterium_sp._pan6	0	0	0	0	0	0	0	0	0	0	1
sk__Bacteria;k__;p__Acidobacteria;c__Acidobacteriia;o__Acidobacteriales;f__Acidobacteriaceae;g__Bryocella	8	0	7	0	10	0	0	22	6	0	10
sk__Bacteria;k__;p__Acidobacteria;c__Acidobacteriia;o__Acidobacteriales;f__Acidobacteriaceae;g__Candidatus_Koribacter	853	44	2132	0	1037	0	73	4877	493	18	1468
sk__Bacteria;k__;p__Acidobacteria;c__Acidobacteriia;o__Acidobacteriales;f__Acidobacteriaceae;g__Candidatus_Koribacter;s__Candidatus_Koribacter_versatilis	0	0	0	0	0	0	0	1	0	0	0
sk__Bacteria;k__;p__Acidobacteria;c__Acidobacteriia;o__Acidobacteriales;f__Acidobacteriaceae;g__Edaphobacter	12	0	4	0	8	0	0	24	5	1	13
sk__Bacteria;k__;p__Acidobacteria;c__Acidobacteriia;o__Acidobacteriales;f__Acidobacteriaceae;g__Granulicella	454	7	36	0	246	0	4	116	153	0	43
sk__Bacteria;k__;p__Acidobacteria;c__Acidobacteriia;o__Acidobacteriales;f__Acidobacteriaceae;g__Granulicella;s__Granulicella_pectinivorans	0	0	0	0	1	0	0	0	0	0	0
sk__Bacteria;k__;p__Acidobacteria;c__Acidobacteriia;o__Acidobacteriales;f__Acidobacteriaceae;g__Occallatibacter	121	20	255	0	61	0	4	387	33	0	150
sk__Bacteria;k__;p__Acidobacteria;c__Acidobacteriia;o__Acidobacteriales;f__Acidobacteriaceae;g__Telmatobacter	31	0	7	0	36	0	0	33	33	0	2
sk__Bacteria;k__;p__Acidobacteria;c__Acidobacteriia;o__Acidobacteriales;f__Acidobacteriaceae;g__Terracidiphilus	0	0	0	0	0	0	0	1	0	0	0
sk__Bacteria;k__;p__Acidobacteria;c__Acidobacteriia;o__Acidobacteriales;f__Acidobacteriaceae;g__Terriglobus	3	9	1	0	2	0	0	17	0	0	7
sk__Bacteria;k__;p__Acidobacteria;c__Acidobacteriia;o__Bryobacterales	529	8	145	0	397	0	8	237	458	3	159
sk__Bacteria;k__;p__Acidobacteria;c__Acidobacteriia;o__Bryobacterales;f__Bryobacteraceae	198	4	82	0	172	0	3	127	215	2	72
sk__Bacteria;k__;p__Acidobacteria;c__Acidobacteriia;o__Bryobacterales;f__Bryobacteraceae;g__Bryobacter	3332	131	1844	0	2334	0	78	1890	3397	36	1377
sk__Bacteria;k__;p__Acidobacteria;c__Acidobacteriia;o__Bryobacterales;f__Bryobacteraceae;g__Paludibaculum	120	1	82	0	60	0	0	116	81	1	70
sk__Bacteria;k__;p__Acidobacteria;c__Acidobacteriia;o__Bryobacterales;f__Bryobacteraceae;g__Paludibaculum;s__Paludibaculum_fermentans	0	0	0	0	0	0	0	1	0	0	0
sk__Bacteria;k__;p__Acidobacteria;c__Acidobacteriia;o__Bryobacterales;f__Solibacteraceae	227	7	83	0	163	0	4	119	224	1	80
sk__Bacteria;k__;p__Acidobacteria;c__Acidobacteriia;o__Bryobacterales;f__Solibacteraceae;g__Candidatus_Solibacter	4211	49	1970	0	2682	0	30	1692	4118	11	1259
sk__Bacteria;k__;p__Acidobacteria;c__Blastocatellia	4	1	0	0	4	0	1	0	6	0	1
sk__Bacteria;k__;p__Acidobacteria;c__Blastocatellia;o__Blastocatellales	238	27	18	0	155	0	31	57	181	8	30
sk__Bacteria;k__;p__Acidobacteria;c__Blastocatellia;o__Blastocatellales;f__Blastocatellaceae	3477	1334	309	0	1381	0	752	298	2464	348	203
sk__Bacteria;k__;p__Acidobacteria;c__Blastocatellia;o__Blastocatellales;f__Blastocatellaceae;g__Aridibacter	36	2	0	0	16	0	0	1	26	3	0
sk__Bacteria;k__;p__Acidobacteria;c__Blastocatellia;o__Blastocatellales;f__Blastocatellaceae;g__Blastocatella	1153	52	439	0	568	0	36	421	1126	9	446
sk__Bacteria;k__;p__Acidobacteria;c__Blastocatellia;o__Blastocatellales;f__Blastocatellaceae;g__Blastocatella;s__Blastocatella_fastidiosa	0	0	0	0	0	0	3	0	0	0	0
sk__Bacteria;k__;p__Acidobacteria;c__Blastocatellia;o__Blastocatellales;f__Blastocatellaceae;g__Stenotrophobacter	1603	138	90	0	956	0	60	174	1008	24	56
sk__Bacteria;k__;p__Acidobacteria;c__Blastocatellia;o__Blastocatellales;f__Blastocatellaceae;g__Tellurimicrobium	0	0	0	0	0	0	1	0	0	0	0
sk__Bacteria;k__;p__Acidobacteria;c__Blastocatellia;o__Blastocatellales;f__Pyrinomonadaceae	7439	107	607	0	3799	0	97	700	6557	47	758
sk__Bacteria;k__;p__Acidobacteria;c__Holophagae	5241	445	7522	0	3953	0	295	11514	4351	36	3575
sk__Bacteria;k__;p__Acidobacteria;c__Holophagae;o__Holophagales	6	2	57	0	4	0	1	77	5	0	44
sk__Bacteria;k__;p__Acidobacteria;c__Holophagae;o__Holophagales;f__Holophagaceae	32	38	2085	0	25	0	6	2002	37	4	1162
sk__Bacteria;k__;p__Acidobacteria;c__Holophagae;o__Holophagales;f__Holophagaceae;g__Geothrix	2	7	1870	0	0	0	2	1565	2	3	1097
sk__Bacteria;k__;p__Acidobacteria;c__Holophagae;o__Holophagales;f__Holophagaceae;g__Geothrix;s__Geothrix_fermentans	0	0	1	0	0	0	0	0	0	0	0
sk__Bacteria;k__;p__Acidobacteria;c__Holophagae;o__Holophagales;f__Holophagaceae;g__Holophaga	1	0	8	0	0	0	0	11	0	0	12
sk__Bacteria;k__;p__Acidobacteria;c__Thermoanaerobaculia	1	0	1	0	4	0	0	2	1	0	7
sk__Bacteria;k__;p__Acidobacteria;c__Thermoanaerobaculia;o__Thermoanaerobaculales	15	6	13	0	14	0	2	19	11	0	9
sk__Bacteria;k__;p__Acidobacteria;c__Thermoanaerobaculia;o__Thermoanaerobaculales;f__Thermoanaerobaculaceae	298	166	135	0	237	0	32	152	246	20	62
sk__Bacteria;k__;p__Acidobacteria;c__Vicinamibacteria	16	6	4	0	9	0	6	7	8	1	8
sk__Bacteria;k__;p__Acidobacteria;c__Vicinamibacteria;o__;f__Vicinamibacteraceae	12	24	5	0	9	0	24	8	10	18	7
sk__Bacteria;k__;p__Acidobacteria;c__Vicinamibacteria;o__;f__Vicinamibacteraceae;g__Luteitalea	32	28	1	0	13	0	28	3	25	6	1
sk__Bacteria;k__;p__Acidobacteria;c__Vicinamibacteria;o__;f__Vicinamibacteraceae;g__Vicinamibacter	1	0	0	0	0	0	1	0	1	0	0
sk__Bacteria;k__;p__Actinobacteria	325	1378	255	0	323	0	722	281	309	377	302
sk__Bacteria;k__;p__Actinobacteria;c__Acidimicrobiia	2496	1080	1703	0	1442	0	493	1592	3215	181	1303
sk__Bacteria;k__;p__Actinobacteria;c__Acidimicrobiia;o__;f__;g__;s__Acidimicrobidae_bacterium_Ellin7143	2	1	3	0	3	0	0	2	7	1	2
sk__Bacteria;k__;p__Actinobacteria;c__Acidimicrobiia;o__Acidimicrobiales	50	12	10	0	17	0	5	14	60	2	17
sk__Bacteria;k__;p__Actinobacteria;c__Acidimicrobiia;o__Acidimicrobiales;f__Acidimicrobiaceae	280	0	18	0	169	0	4	51	257	0	21
sk__Bacteria;k__;p__Actinobacteria;c__Acidimicrobiia;o__Acidimicrobiales;f__Iamiaceae	14	8	0	0	11	0	13	2	19	0	0
sk__Bacteria;k__;p__Actinobacteria;c__Acidimicrobiia;o__Acidimicrobiales;f__Iamiaceae;g__Aquihabitans;s__Aquihabitans_daechungensis	0	0	0	0	2	0	0	0	2	0	0
sk__Bacteria;k__;p__Actinobacteria;c__Acidimicrobiia;o__Acidimicrobiales;f__Iamiaceae;g__Iamia	214	132	33	0	99	0	118	22	220	23	21
sk__Bacteria;k__;p__Actinobacteria;c__Acidimicrobiia;o__Acidimicrobiales;f__Ilumatobacteraceae	382	145	84	0	199	0	47	64	572	29	67
sk__Bacteria;k__;p__Actinobacteria;c__Acidimicrobiia;o__Acidimicrobiales;f__Ilumatobacteraceae;g__Ilumatobacter	180	103	6	0	89	0	37	17	215	16	10
sk__Bacteria;k__;p__Actinobacteria;c__Actinobacteria	761	10790	316	0	471	0	5056	304	899	3330	432
sk__Bacteria;k__;p__Actinobacteria;c__Actinobacteria;o__;f__;g__;s__actinobacterium_WWH12	0	1	0	0	0	0	0	0	0	0	0
sk__Bacteria;k__;p__Actinobacteria;c__Actinobacteria;o__;f__;g__;s__actinobacterium_YJF1-30	35	0	17	0	59	0	0	96	43	0	24
sk__Bacteria;k__;p__Actinobacteria;c__Actinobacteria;o__;f__;g__;s__actinobacterium_YJF2-33	4	1	3	0	0	0	0	9	0	0	4
sk__Bacteria;k__;p__Actinobacteria;c__Actinobacteria;o__;f__;g__;s__bacterium_Ellin5129	0	0	0	0	0	0	0	0	1	0	0
sk__Bacteria;k__;p__Actinobacteria;c__Actinobacteria;o__Acidothermales	9	0	5	0	2	0	0	6	9	0	4
sk__Bacteria;k__;p__Actinobacteria;c__Actinobacteria;o__Acidothermales;f__Acidothermaceae	15	0	10	0	12	0	1	19	34	0	19
sk__Bacteria;k__;p__Actinobacteria;c__Actinobacteria;o__Acidothermales;f__Acidothermaceae;g__Acidothermus	165	1	148	0	144	0	7	220	315	2	133
sk__Bacteria;k__;p__Actinobacteria;c__Actinobacteria;o__Actinomycetales	0	121	0	0	3	0	57	0	2	37	42
sk__Bacteria;k__;p__Actinobacteria;c__Actinobacteria;o__Actinomycetales;f__Actinomycetaceae	1	0	0	0	0	0	0	0	1	0	0
sk__Bacteria;k__;p__Actinobacteria;c__Actinobacteria;o__Bifidobacteriales	0	1	0	0	2	0	0	0	0	0	0
sk__Bacteria;k__;p__Actinobacteria;c__Actinobacteria;o__Candidatus_Actinomarinales	0	0	0	0	1	0	0	1	0	0	0
sk__Bacteria;k__;p__Actinobacteria;c__Actinobacteria;o__Candidatus_Actinomarinales;f__Candidatus_Actinomarinaceae	0	2	0	0	0	0	0	1	1	0	2
sk__Bacteria;k__;p__Actinobacteria;c__Actinobacteria;o__Candidatus_Nanopelagicales;f__Candidatus_Nanopelagicaceae;g__Candidatus_Planktophila	0	0	11	0	0	0	0	7	0	0	8
sk__Bacteria;k__;p__Actinobacteria;c__Actinobacteria;o__Catenulisporales;f__Catenulisporaceae;g__Catenulispora	3	0	0	0	0	0	0	0	1	0	0
sk__Bacteria;k__;p__Actinobacteria;c__Actinobacteria;o__Corynebacteriales	5	12	5	0	2	0	7	3	4	5	6
sk__Bacteria;k__;p__Actinobacteria;c__Actinobacteria;o__Corynebacteriales;f__Corynebacteriaceae	0	1	0	0	1	0	0	0	0	1	0
sk__Bacteria;k__;p__Actinobacteria;c__Actinobacteria;o__Corynebacteriales;f__Mycobacteriaceae	18	13	6	0	4	0	7	11	10	2	3
sk__Bacteria;k__;p__Actinobacteria;c__Actinobacteria;o__Corynebacteriales;f__Mycobacteriaceae;g__Mycobacterium	363	46	94	0	218	0	24	194	359	5	75
sk__Bacteria;k__;p__Actinobacteria;c__Actinobacteria;o__Corynebacteriales;f__Nocardiaceae	15	2	1	0	6	0	1	2	20	0	1
sk__Bacteria;k__;p__Actinobacteria;c__Actinobacteria;o__Corynebacteriales;f__Nocardiaceae;g__Nocardia	5	5	6	0	3	0	1	16	6	0	7
sk__Bacteria;k__;p__Actinobacteria;c__Actinobacteria;o__Corynebacteriales;f__Nocardiaceae;g__Rhodococcus	20	11	1	0	13	0	4	1	17	3	3
sk__Bacteria;k__;p__Actinobacteria;c__Actinobacteria;o__Corynebacteriales;f__Nocardiaceae;g__Williamsia	19	6	1	0	6	0	1	0	14	0	0
sk__Bacteria;k__;p__Actinobacteria;c__Actinobacteria;o__Cryptosporangiales	1	0	0	0	0	0	0	0	0	0	0
sk__Bacteria;k__;p__Actinobacteria;c__Actinobacteria;o__Cryptosporangiales;f__Cryptosporangiaceae	0	0	0	0	2	0	0	0	0	0	1
sk__Bacteria;k__;p__Actinobacteria;c__Actinobacteria;o__Cryptosporangiales;f__Cryptosporangiaceae;g__Cryptosporangium	0	0	0	0	0	0	0	0	2	0	0
sk__Bacteria;k__;p__Actinobacteria;c__Actinobacteria;o__Cryptosporangiales;f__Cryptosporangiaceae;g__Fodinicola	3	1	6	0	2	0	1	4	4	0	3
sk__Bacteria;k__;p__Actinobacteria;c__Actinobacteria;o__Frankiales	21	3	2	0	17	0	0	4	13	0	2
sk__Bacteria;k__;p__Actinobacteria;c__Actinobacteria;o__Frankiales;f__;g__;s__Frankineae_bacterium_MT45	1	0	0	0	0	0	0	0	0	0	0
sk__Bacteria;k__;p__Actinobacteria;c__Actinobacteria;o__Frankiales;f__Frankiaceae	3	0	1	0	4	0	0	3	5	0	0
sk__Bacteria;k__;p__Actinobacteria;c__Actinobacteria;o__Frankiales;f__Frankiaceae;g__Jatrophihabitans	0	0	0	0	2	0	0	1	2	1	0
sk__Bacteria;k__;p__Actinobacteria;c__Actinobacteria;o__Geodermatophilales;f__Geodermatophilaceae	0	29	0	0	1	0	23	0	1	8	1
sk__Bacteria;k__;p__Actinobacteria;c__Actinobacteria;o__Geodermatophilales;f__Geodermatophilaceae;g__Blastococcus	0	5	0	0	0	0	6	0	0	2	0
sk__Bacteria;k__;p__Actinobacteria;c__Actinobacteria;o__Glycomycetales;f__Glycomycetaceae	0	0	1	0	0	0	0	0	0	0	0
sk__Bacteria;k__;p__Actinobacteria;c__Actinobacteria;o__Glycomycetales;f__Glycomycetaceae;g__Glycomyces	0	0	0	0	0	0	1	0	0	0	0
sk__Bacteria;k__;p__Actinobacteria;c__Actinobacteria;o__Glycomycetales;f__Glycomycetaceae;g__Stackebrandtia	0	0	0	0	0	0	1	0	0	0	0
sk__Bacteria;k__;p__Actinobacteria;c__Actinobacteria;o__Jiangellales;f__Jiangellaceae	0	0	0	0	0	0	0	0	0	1	0
sk__Bacteria;k__;p__Actinobacteria;c__Actinobacteria;o__Jiangellales;f__Jiangellaceae;g__Haloactinopolyspora	0	0	0	0	0	0	1	0	0	0	0
sk__Bacteria;k__;p__Actinobacteria;c__Actinobacteria;o__Kineosporiales	5	28	0	0	3	0	17	1	7	2	1
sk__Bacteria;k__;p__Actinobacteria;c__Actinobacteria;o__Kineosporiales;f__Kineosporiaceae	65	115	1	0	39	0	41	3	135	24	9
sk__Bacteria;k__;p__Actinobacteria;c__Actinobacteria;o__Kineosporiales;f__Kineosporiaceae;g__Angustibacter	8	8	0	0	11	0	2	0	10	1	0
sk__Bacteria;k__;p__Actinobacteria;c__Actinobacteria;o__Kineosporiales;f__Kineosporiaceae;g__Kineococcus	9	0	1	0	2	0	0	0	12	0	0
sk__Bacteria;k__;p__Actinobacteria;c__Actinobacteria;o__Kineosporiales;f__Kineosporiaceae;g__Kineosporia	2	0	0	0	0	0	0	2	8	2	0
sk__Bacteria;k__;p__Actinobacteria;c__Actinobacteria;o__Kineosporiales;f__Kineosporiaceae;g__Quadrisphaera	1	4	0	0	0	0	3	0	0	0	0
sk__Bacteria;k__;p__Actinobacteria;c__Actinobacteria;o__Micrococcales	644	8016	329	0	334	0	4332	324	821	2463	744
sk__Bacteria;k__;p__Actinobacteria;c__Actinobacteria;o__Micrococcales;f__Beutenbergiaceae	0	0	0	0	0	0	1	0	0	0	0
sk__Bacteria;k__;p__Actinobacteria;c__Actinobacteria;o__Micrococcales;f__Beutenbergiaceae;g__Beutenbergia	0	3	0	0	0	0	0	0	0	0	0
sk__Bacteria;k__;p__Actinobacteria;c__Actinobacteria;o__Micrococcales;f__Bogoriellaceae	0	18	0	0	0	0	10	0	0	8	0
sk__Bacteria;k__;p__Actinobacteria;c__Actinobacteria;o__Micrococcales;f__Bogoriellaceae;g__Bogoriella	0	1	0	0	0	0	1	0	0	0	0
sk__Bacteria;k__;p__Actinobacteria;c__Actinobacteria;o__Micrococcales;f__Bogoriellaceae;g__Georgenia	0	13	0	0	0	0	4	0	0	2	0
sk__Bacteria;k__;p__Actinobacteria;c__Actinobacteria;o__Micrococcales;f__Cellulomonadaceae	14	43	8	0	9	0	29	6	17	16	9
sk__Bacteria;k__;p__Actinobacteria;c__Actinobacteria;o__Micrococcales;f__Cellulomonadaceae;g__Cellulomonas	16	0	3	0	9	0	2	2	39	1	2
sk__Bacteria;k__;p__Actinobacteria;c__Actinobacteria;o__Micrococcales;f__Demequinaceae	0	1	0	0	0	0	1	0	0	0	0
sk__Bacteria;k__;p__Actinobacteria;c__Actinobacteria;o__Micrococcales;f__Demequinaceae;g__Demequina	0	0	1	0	0	0	1	0	0	0	0
sk__Bacteria;k__;p__Actinobacteria;c__Actinobacteria;o__Micrococcales;f__Dermabacteraceae	0	28	0	0	0	0	56	0	0	8	1
sk__Bacteria;k__;p__Actinobacteria;c__Actinobacteria;o__Micrococcales;f__Dermabacteraceae;g__Brachybacterium	0	32	0	0	0	0	59	0	0	9	2
sk__Bacteria;k__;p__Actinobacteria;c__Actinobacteria;o__Micrococcales;f__Dermacoccaceae	2	0	0	0	0	0	0	0	0	0	0
sk__Bacteria;k__;p__Actinobacteria;c__Actinobacteria;o__Micrococcales;f__Dermatophilaceae	193	131	179	0	169	0	45	238	185	7	157
sk__Bacteria;k__;p__Actinobacteria;c__Actinobacteria;o__Micrococcales;f__Intrasporangiaceae	278	266	69	0	106	0	157	90	306	49	81
sk__Bacteria;k__;p__Actinobacteria;c__Actinobacteria;o__Micrococcales;f__Intrasporangiaceae;g__Ornithinicoccus	0	1	0	0	0	0	0	0	0	0	0
sk__Bacteria;k__;p__Actinobacteria;c__Actinobacteria;o__Micrococcales;f__Intrasporangiaceae;g__Ornithinimicrobium	0	1	0	0	0	0	0	0	0	0	0
sk__Bacteria;k__;p__Actinobacteria;c__Actinobacteria;o__Micrococcales;f__Intrasporangiaceae;g__Oryzihumus	2	0	3	0	0	0	0	2	2	1	1
sk__Bacteria;k__;p__Actinobacteria;c__Actinobacteria;o__Micrococcales;f__Intrasporangiaceae;g__Phycicoccus	0	0	1	0	0	0	0	1	0	0	1
sk__Bacteria;k__;p__Actinobacteria;c__Actinobacteria;o__Micrococcales;f__Intrasporangiaceae;g__Terrabacter;s__Terrabacter_aerolatus	0	0	0	0	0	0	0	0	0	1	0
sk__Bacteria;k__;p__Actinobacteria;c__Actinobacteria;o__Micrococcales;f__Microbacteriaceae	263	16909	147	0	117	0	9440	143	340	5123	437
sk__Bacteria;k__;p__Actinobacteria;c__Actinobacteria;o__Micrococcales;f__Microbacteriaceae;g__Agrococcus	0	1	0	0	0	0	4	0	0	1	0
sk__Bacteria;k__;p__Actinobacteria;c__Actinobacteria;o__Micrococcales;f__Microbacteriaceae;g__Amnibacterium	0	0	0	0	0	0	1	0	0	0	0
sk__Bacteria;k__;p__Actinobacteria;c__Actinobacteria;o__Micrococcales;f__Microbacteriaceae;g__Aurantimicrobium	0	0	5	0	0	0	0	2	0	0	5
sk__Bacteria;k__;p__Actinobacteria;c__Actinobacteria;o__Micrococcales;f__Microbacteriaceae;g__Frigoribacterium	0	1	0	0	0	0	0	0	0	0	0
sk__Bacteria;k__;p__Actinobacteria;c__Actinobacteria;o__Micrococcales;f__Microbacteriaceae;g__Gulosibacter	0	0	0	0	0	0	0	0	0	0	33
sk__Bacteria;k__;p__Actinobacteria;c__Actinobacteria;o__Micrococcales;f__Microbacteriaceae;g__Leucobacter	0	0	0	0	0	0	0	0	0	1	0
sk__Bacteria;k__;p__Actinobacteria;c__Actinobacteria;o__Micrococcales;f__Microbacteriaceae;g__Lysinimonas	0	1	0	0	0	0	0	0	0	0	0
sk__Bacteria;k__;p__Actinobacteria;c__Actinobacteria;o__Micrococcales;f__Microbacteriaceae;g__Microbacterium	68	222	11	0	34	0	146	16	88	83	20
sk__Bacteria;k__;p__Actinobacteria;c__Actinobacteria;o__Micrococcales;f__Microbacteriaceae;g__Parafrigoribacterium	0	1	0	0	0	0	2	0	0	0	0
sk__Bacteria;k__;p__Actinobacteria;c__Actinobacteria;o__Micrococcales;f__Microbacteriaceae;g__Rhodoluna	0	0	0	0	0	0	0	0	1	0	0
sk__Bacteria;k__;p__Actinobacteria;c__Actinobacteria;o__Micrococcales;f__Microbacteriaceae;g__Yonghaparkia	0	1	0	0	0	0	0	0	0	0	0
sk__Bacteria;k__;p__Actinobacteria;c__Actinobacteria;o__Micrococcales;f__Micrococcaceae	191	1335	577	0	109	0	555	811	102	151	1031
sk__Bacteria;k__;p__Actinobacteria;c__Actinobacteria;o__Micrococcales;f__Micrococcaceae;g__Arthrobacter	195	314	217	0	105	0	113	218	70	54	3014
sk__Bacteria;k__;p__Actinobacteria;c__Actinobacteria;o__Micrococcales;f__Micrococcaceae;g__Arthrobacter;s__Arthrobacter_sp._FCD1-3	0	0	0	0	0	0	0	0	0	0	1
sk__Bacteria;k__;p__Actinobacteria;c__Actinobacteria;o__Micrococcales;f__Micrococcaceae;g__Arthrobacter;s__Arthrobacter_woluwensis	0	0	0	0	0	0	0	0	0	0	19
sk__Bacteria;k__;p__Actinobacteria;c__Actinobacteria;o__Micrococcales;f__Micrococcaceae;g__Glutamicibacter	0	0	0	0	0	0	0	0	0	0	3
sk__Bacteria;k__;p__Actinobacteria;c__Actinobacteria;o__Micrococcales;f__Micrococcaceae;g__Kocuria	0	1	0	0	0	0	0	0	0	1	5
sk__Bacteria;k__;p__Actinobacteria;c__Actinobacteria;o__Micrococcales;f__Micrococcaceae;g__Paenarthrobacter	27	0	7	0	14	0	1	5	3	0	40
sk__Bacteria;k__;p__Actinobacteria;c__Actinobacteria;o__Micrococcales;f__Micrococcaceae;g__Pseudarthrobacter	13	122	71	0	15	0	33	97	13	18	70
sk__Bacteria;k__;p__Actinobacteria;c__Actinobacteria;o__Micrococcales;f__Micrococcaceae;g__Renibacterium	0	4	3	0	0	0	0	3	0	0	2
sk__Bacteria;k__;p__Actinobacteria;c__Actinobacteria;o__Micrococcales;f__Promicromonosporaceae	0	1	0	0	0	0	0	0	0	0	0
sk__Bacteria;k__;p__Actinobacteria;c__Actinobacteria;o__Micromonosporales	1	1	0	0	1	0	0	1	0	1	0
sk__Bacteria;k__;p__Actinobacteria;c__Actinobacteria;o__Micromonosporales;f__Micromonosporaceae	36	3	4	0	28	0	2	14	46	1	6
sk__Bacteria;k__;p__Actinobacteria;c__Actinobacteria;o__Micromonosporales;f__Micromonosporaceae;g__Actinoplanes	2	0	0	0	3	0	0	0	6	0	0
sk__Bacteria;k__;p__Actinobacteria;c__Actinobacteria;o__Micromonosporales;f__Micromonosporaceae;g__Dactylosporangium	0	0	0	0	1	0	0	0	0	0	0
sk__Bacteria;k__;p__Actinobacteria;c__Actinobacteria;o__Micromonosporales;f__Micromonosporaceae;g__Longispora	1	0	0	0	0	0	0	1	2	0	1
sk__Bacteria;k__;p__Actinobacteria;c__Actinobacteria;o__Micromonosporales;f__Micromonosporaceae;g__Luedemannella	10	1	1	0	2	0	2	0	10	0	0
sk__Bacteria;k__;p__Actinobacteria;c__Actinobacteria;o__Micromonosporales;f__Micromonosporaceae;g__Luedemannella;s__Luedemannella_sp._119-1-07	2	0	1	0	1	0	0	1	1	0	0
sk__Bacteria;k__;p__Actinobacteria;c__Actinobacteria;o__Micromonosporales;f__Micromonosporaceae;g__Micromonospora	0	1	0	0	0	0	0	0	0	0	0
sk__Bacteria;k__;p__Actinobacteria;c__Actinobacteria;o__Nakamurellales	0	0	0	0	2	0	1	0	1	0	0
sk__Bacteria;k__;p__Actinobacteria;c__Actinobacteria;o__Nakamurellales;f__Nakamurellaceae	21	2	0	0	7	0	1	0	6	0	0
sk__Bacteria;k__;p__Actinobacteria;c__Actinobacteria;o__Nakamurellales;f__Nakamurellaceae;g__Nakamurella	17	2	0	0	8	0	8	2	11	0	1
sk__Bacteria;k__;p__Actinobacteria;c__Actinobacteria;o__Nakamurellales;f__Nakamurellaceae;g__Nakamurella;s__Nakamurella_panacisegetis	10	0	0	0	3	0	0	0	8	0	2
sk__Bacteria;k__;p__Actinobacteria;c__Actinobacteria;o__Propionibacteriales	7	287	24	0	9	0	195	25	5	65	13
sk__Bacteria;k__;p__Actinobacteria;c__Actinobacteria;o__Propionibacteriales;f__Nocardioidaceae	52	37	3	0	27	0	29	5	60	18	2
sk__Bacteria;k__;p__Actinobacteria;c__Actinobacteria;o__Propionibacteriales;f__Nocardioidaceae;g__Aeromicrobium	0	1	0	0	0	0	2	0	1	0	0
sk__Bacteria;k__;p__Actinobacteria;c__Actinobacteria;o__Propionibacteriales;f__Nocardioidaceae;g__Friedmanniella	12	118	2	0	7	0	0	3	14	65	3
sk__Bacteria;k__;p__Actinobacteria;c__Actinobacteria;o__Propionibacteriales;f__Nocardioidaceae;g__Kribbella	1	0	0	0	0	0	0	0	2	0	0
sk__Bacteria;k__;p__Actinobacteria;c__Actinobacteria;o__Propionibacteriales;f__Nocardioidaceae;g__Marmoricola	38	4	1	0	17	0	1	3	43	2	3
sk__Bacteria;k__;p__Actinobacteria;c__Actinobacteria;o__Propionibacteriales;f__Nocardioidaceae;g__Nocardioides	64	141	2	0	43	0	101	4	101	47	5
sk__Bacteria;k__;p__Actinobacteria;c__Actinobacteria;o__Propionibacteriales;f__Nocardioidaceae;g__Propionicimonas	1	4	0	0	1	0	2	1	3	1	0
sk__Bacteria;k__;p__Actinobacteria;c__Actinobacteria;o__Propionibacteriales;f__Propionibacteriaceae	33	168	11	0	21	0	48	10	52	62	11
sk__Bacteria;k__;p__Actinobacteria;c__Actinobacteria;o__Propionibacteriales;f__Propionibacteriaceae;g__Aestuariimicrobium	0	19	18	0	0	0	19	32	0	3	10
sk__Bacteria;k__;p__Actinobacteria;c__Actinobacteria;o__Propionibacteriales;f__Propionibacteriaceae;g__Microlunatus	3	5	0	0	1	0	9	0	0	0	0
sk__Bacteria;k__;p__Actinobacteria;c__Actinobacteria;o__Propionibacteriales;f__Propionibacteriaceae;g__Propioniciclava	0	0	10	0	0	0	3	9	0	0	2
sk__Bacteria;k__;p__Actinobacteria;c__Actinobacteria;o__Propionibacteriales;f__Propionibacteriaceae;g__Propioniciclava;s__Propioniciclava_tarda	0	0	2	0	0	0	0	0	0	0	2
sk__Bacteria;k__;p__Actinobacteria;c__Actinobacteria;o__Pseudonocardiales	1	0	0	0	0	0	0	0	1	0	0
sk__Bacteria;k__;p__Actinobacteria;c__Actinobacteria;o__Pseudonocardiales;f__Pseudonocardiaceae	5	12	1	0	5	0	3	12	9	2	6
sk__Bacteria;k__;p__Actinobacteria;c__Actinobacteria;o__Pseudonocardiales;f__Pseudonocardiaceae;g__Amycolatopsis	3	1	1	0	2	0	0	2	1	0	0
sk__Bacteria;k__;p__Actinobacteria;c__Actinobacteria;o__Pseudonocardiales;f__Pseudonocardiaceae;g__Crossiella	0	1	0	0	0	0	1	0	0	4	0
sk__Bacteria;k__;p__Actinobacteria;c__Actinobacteria;o__Pseudonocardiales;f__Pseudonocardiaceae;g__Pseudonocardia	2	6	2	0	2	0	1	0	1	2	4
sk__Bacteria;k__;p__Actinobacteria;c__Actinobacteria;o__Sporichthyales	1	0	2	0	3	0	0	0	2	0	4
sk__Bacteria;k__;p__Actinobacteria;c__Actinobacteria;o__Sporichthyales;f__Sporichthyaceae	9	2	3	0	8	0	2	3	15	1	2
sk__Bacteria;k__;p__Actinobacteria;c__Actinobacteria;o__Sporichthyales;f__Sporichthyaceae;g__Sporichthya	0	0	0	0	1	0	0	0	0	0	0
sk__Bacteria;k__;p__Actinobacteria;c__Actinobacteria;o__Streptomycetales	3	1	6	0	3	0	1	4	1	0	5
sk__Bacteria;k__;p__Actinobacteria;c__Actinobacteria;o__Streptomycetales;f__Streptomycetaceae	35	782	253	0	16	0	418	151	32	127	251
sk__Bacteria;k__;p__Actinobacteria;c__Actinobacteria;o__Streptomycetales;f__Streptomycetaceae;g__Streptomyces	37	5	5	0	24	0	3	10	35	2	4
sk__Bacteria;k__;p__Actinobacteria;c__Actinobacteria;o__Streptosporangiales	0	2	0	0	0	0	2	0	0	0	0
sk__Bacteria;k__;p__Actinobacteria;c__Actinobacteria;o__Streptosporangiales;f__Streptosporangiaceae	0	0	0	0	0	0	1	0	0	0	0
sk__Bacteria;k__;p__Actinobacteria;c__Actinobacteria;o__Streptosporangiales;f__Thermomonosporaceae	0	0	0	0	2	0	1	0	6	0	0
sk__Bacteria;k__;p__Actinobacteria;c__Actinobacteria;o__Streptosporangiales;f__Thermomonosporaceae;g__;s__Thermomonosporaceae_bacterium_YE4-D4-16-CH2	3	0	0	0	0	0	0	0	2	0	0
sk__Bacteria;k__;p__Actinobacteria;c__Actinobacteria;o__Streptosporangiales;f__Thermomonosporaceae;g__Actinoallomurus	0	1	0	0	0	0	0	0	0	0	1
sk__Bacteria;k__;p__Actinobacteria;c__Actinobacteria;o__Streptosporangiales;f__Thermomonosporaceae;g__Actinocorallia	1	0	0	0	1	0	1	1	5	0	0
sk__Bacteria;k__;p__Actinobacteria;c__Actinobacteria;o__Streptosporangiales;f__Thermomonosporaceae;g__Actinomadura	0	0	0	0	0	0	0	0	1	0	1
sk__Bacteria;k__;p__Actinobacteria;c__Coriobacteriia	0	6	13	0	2	0	4	17	0	1	17
sk__Bacteria;k__;p__Actinobacteria;c__Nitriliruptoria	1	0	0	0	0	0	0	0	1	0	0
sk__Bacteria;k__;p__Actinobacteria;c__Nitriliruptoria;o__Euzebyales	2	0	1	0	0	0	0	2	2	0	0
sk__Bacteria;k__;p__Actinobacteria;c__Nitriliruptoria;o__Euzebyales;f__Euzebyaceae	1	0	3	0	1	0	0	0	1	0	0
sk__Bacteria;k__;p__Actinobacteria;c__Nitriliruptoria;o__Nitriliruptorales;f__Nitriliruptoraceae	2	0	0	0	1	0	0	0	0	0	1
sk__Bacteria;k__;p__Actinobacteria;c__Rubrobacteria	11	3	2	0	2	0	1	9	15	0	2
sk__Bacteria;k__;p__Actinobacteria;c__Rubrobacteria;o__Gaiellales	6877	960	3616	0	3638	0	367	3262	9193	124	3173
sk__Bacteria;k__;p__Actinobacteria;c__Rubrobacteria;o__Gaiellales;f__Gaiellaceae	12	7	2	0	13	0	2	3	10	2	4
sk__Bacteria;k__;p__Actinobacteria;c__Rubrobacteria;o__Gaiellales;f__Gaiellaceae;g__Gaiella	118	392	37	0	155	0	200	58	144	74	21
sk__Bacteria;k__;p__Actinobacteria;c__Rubrobacteria;o__Rubrobacterales	1	2	1	0	2	0	1	2	2	0	2
sk__Bacteria;k__;p__Actinobacteria;c__Rubrobacteria;o__Rubrobacterales;f__Rubrobacteraceae	2	0	1	0	1	0	0	0	0	0	2
sk__Bacteria;k__;p__Actinobacteria;c__Rubrobacteria;o__Rubrobacterales;f__Rubrobacteraceae;g__Rubrobacter	27	0	0	0	10	0	4	3	20	0	4
sk__Bacteria;k__;p__Actinobacteria;c__Thermoleophilia	55	6	9	0	18	0	4	4	77	2	14
sk__Bacteria;k__;p__Actinobacteria;c__Thermoleophilia;o__Solirubrobacterales	2957	703	198	0	1981	0	344	358	3377	97	131
sk__Bacteria;k__;p__Actinobacteria;c__Thermoleophilia;o__Solirubrobacterales;f__Conexibacteraceae	7	0	1	0	9	0	0	2	7	0	1
sk__Bacteria;k__;p__Actinobacteria;c__Thermoleophilia;o__Solirubrobacterales;f__Conexibacteraceae;g__Conexibacter	104	1	9	0	80	0	1	28	107	0	4
sk__Bacteria;k__;p__Actinobacteria;c__Thermoleophilia;o__Solirubrobacterales;f__Parviterribacteraceae;g__Parviterribacter	0	0	0	0	1	0	0	0	0	0	0
sk__Bacteria;k__;p__Actinobacteria;c__Thermoleophilia;o__Solirubrobacterales;f__Patulibacteraceae	1	0	0	0	0	0	0	0	0	0	0
sk__Bacteria;k__;p__Actinobacteria;c__Thermoleophilia;o__Solirubrobacterales;f__Patulibacteraceae;g__Patulibacter	1	0	0	0	0	0	0	0	0	1	0
sk__Bacteria;k__;p__Actinobacteria;c__Thermoleophilia;o__Solirubrobacterales;f__Solirubrobacteraceae	100	11	10	0	161	0	3	35	134	2	19
sk__Bacteria;k__;p__Actinobacteria;c__Thermoleophilia;o__Solirubrobacterales;f__Solirubrobacteraceae;g__Solirubrobacter	30	22	1	0	13	0	10	3	40	5	2
sk__Bacteria;k__;p__Armatimonadetes	383	172	428	0	177	0	83	495	666	33	459
sk__Bacteria;k__;p__Armatimonadetes;c__;o__;f__;g__;s__Armatimonadetes_bacterium_55-13	0	0	1	0	0	0	0	0	0	0	1
sk__Bacteria;k__;p__Armatimonadetes;c__Armatimonadia;o__Armatimonadales	177	11	20	0	90	0	2	26	186	6	26
sk__Bacteria;k__;p__Armatimonadetes;c__Armatimonadia;o__Armatimonadales;f__Armatimonadaceae;g__Armatimonas	15	0	0	0	6	0	0	2	11	2	0
sk__Bacteria;k__;p__Armatimonadetes;c__Chthonomonadetes;o__Chthonomonadales	13	0	3	0	11	0	1	7	13	0	3
sk__Bacteria;k__;p__Armatimonadetes;c__Chthonomonadetes;o__Chthonomonadales;f__Chthonomonadaceae	2	0	0	0	0	0	0	2	6	0	0
sk__Bacteria;k__;p__Armatimonadetes;c__Chthonomonadetes;o__Chthonomonadales;f__Chthonomonadaceae;g__Chthonomonas	26	0	2	0	13	0	0	2	30	0	1
sk__Bacteria;k__;p__Armatimonadetes;c__Fimbriimonadia	1	0	0	0	0	0	0	1	0	0	0
sk__Bacteria;k__;p__Armatimonadetes;c__Fimbriimonadia;o__Fimbriimonadales	6	0	4	0	8	0	1	5	7	0	3
sk__Bacteria;k__;p__Armatimonadetes;c__Fimbriimonadia;o__Fimbriimonadales;f__Fimbriimonadaceae	250	5	128	0	155	0	22	71	220	7	105
sk__Bacteria;k__;p__Armatimonadetes;c__Fimbriimonadia;o__Fimbriimonadales;f__Fimbriimonadaceae;g__Fimbriimonas	2	0	0	0	1	0	0	0	2	0	1
sk__Bacteria;k__;p__Armatimonadetes;c__Fimbriimonadia;o__Fimbriimonadales;f__Fimbriimonadaceae;g__Fimbriimonas;s__Fimbriimonas_ginsengisoli	0	0	0	0	1	0	0	0	1	0	0
sk__Bacteria;k__;p__Bacteroidetes	628	2823	549	0	605	0	4482	716	734	1938	519
sk__Bacteria;k__;p__Bacteroidetes;c__;o__;f__;g__;s__Bacteroidetes_bacterium_GWE2_42_24	0	0	0	0	0	0	0	1	0	0	0
sk__Bacteria;k__;p__Bacteroidetes;c__;o__;f__;g__;s__Bacteroidetes_bacterium_N2	2	0	0	0	2	0	0	1	0	0	0
sk__Bacteria;k__;p__Bacteroidetes;c__;o__;f__;g__;s__Bacteroidetes_bacterium_RIFCSPLOWO2_12_FULL_35_15	1	0	0	0	0	0	0	0	0	0	0
sk__Bacteria;k__;p__Bacteroidetes;c__;o__Bacteroidetes_Order_II._Incertae_sedis	1	0	0	0	1	0	0	0	3	0	0
sk__Bacteria;k__;p__Bacteroidetes;c__;o__Bacteroidetes_Order_II._Incertae_sedis;f__Rhodothermaceae	1	0	0	0	0	0	0	1	0	0	0
sk__Bacteria;k__;p__Bacteroidetes;c__Bacteroidia	4	72	104	0	4	0	46	47	10	17	59
sk__Bacteria;k__;p__Bacteroidetes;c__Bacteroidia;o__Bacteroidales	39	142	832	0	19	0	82	977	29	42	756
sk__Bacteria;k__;p__Bacteroidetes;c__Bacteroidia;o__Bacteroidales;f__Bacteroidaceae	0	0	0	0	0	0	0	1	0	0	0
sk__Bacteria;k__;p__Bacteroidetes;c__Bacteroidia;o__Bacteroidales;f__Bacteroidaceae;g__;s__benzene_mineralizing_consortium_clone_SB-5	0	0	0	0	0	0	0	1	0	0	0
sk__Bacteria;k__;p__Bacteroidetes;c__Bacteroidia;o__Bacteroidales;f__Bacteroidaceae;g__Bacteroides	0	0	0	0	0	0	0	1	0	1	5
sk__Bacteria;k__;p__Bacteroidetes;c__Bacteroidia;o__Bacteroidales;f__Barnesiellaceae	0	0	0	0	0	0	0	1	0	0	1
sk__Bacteria;k__;p__Bacteroidetes;c__Bacteroidia;o__Bacteroidales;f__Lentimicrobiaceae	2	4	291	0	1	0	0	225	1	0	259
sk__Bacteria;k__;p__Bacteroidetes;c__Bacteroidia;o__Bacteroidales;f__Lentimicrobiaceae;g__Lentimicrobium	0	0	5	0	0	0	0	9	0	0	54
sk__Bacteria;k__;p__Bacteroidetes;c__Bacteroidia;o__Bacteroidales;f__Muribaculaceae	1	0	0	0	0	0	7	4	1	0	2
sk__Bacteria;k__;p__Bacteroidetes;c__Bacteroidia;o__Bacteroidales;f__Paludibacteraceae	0	0	47	0	0	0	0	139	1	1	78
sk__Bacteria;k__;p__Bacteroidetes;c__Bacteroidia;o__Bacteroidales;f__Paludibacteraceae;g__Paludibacter	0	9	59	0	1	0	2	40	0	0	22
sk__Bacteria;k__;p__Bacteroidetes;c__Bacteroidia;o__Bacteroidales;f__Porphyromonadaceae	0	0	5	0	0	0	0	10	0	0	4
sk__Bacteria;k__;p__Bacteroidetes;c__Bacteroidia;o__Bacteroidales;f__Porphyromonadaceae;g__Fermentimonas	0	1	0	0	0	0	0	0	0	0	0
sk__Bacteria;k__;p__Bacteroidetes;c__Bacteroidia;o__Bacteroidales;f__Porphyromonadaceae;g__Microbacter	0	0	7	0	0	0	0	3	0	0	1
sk__Bacteria;k__;p__Bacteroidetes;c__Bacteroidia;o__Bacteroidales;f__Porphyromonadaceae;g__Porphyromonas	0	1	0	0	0	0	0	0	0	0	2
sk__Bacteria;k__;p__Bacteroidetes;c__Bacteroidia;o__Bacteroidales;f__Rikenellaceae	1	102	37	0	0	0	78	49	3	19	132
sk__Bacteria;k__;p__Bacteroidetes;c__Bacteroidia;o__Bacteroidales;f__Rikenellaceae;g__Alistipes	0	67	2	0	1	0	48	0	0	8	0
sk__Bacteria;k__;p__Bacteroidetes;c__Bacteroidia;o__Bacteroidales;f__Rikenellaceae;g__Anaerocella	0	0	1	0	0	0	0	8	0	0	8
sk__Bacteria;k__;p__Bacteroidetes;c__Bacteroidia;o__Bacteroidales;f__Tannerellaceae	0	0	0	0	1	0	1	1	0	0	0
sk__Bacteria;k__;p__Bacteroidetes;c__Bacteroidia;o__Bacteroidales;f__Tannerellaceae;g__Parabacteroides	0	0	0	0	0	0	2	0	0	0	0
sk__Bacteria;k__;p__Bacteroidetes;c__Bacteroidia;o__Marinilabiliales	5	1	27	0	0	0	1	28	2	0	13
sk__Bacteria;k__;p__Bacteroidetes;c__Bacteroidia;o__Marinilabiliales;f__Marinifilaceae	0	0	0	0	0	0	2	2	3	0	1
sk__Bacteria;k__;p__Bacteroidetes;c__Bacteroidia;o__Marinilabiliales;f__Marinifilaceae;g__Marinifilum	5	0	4	0	5	0	0	4	4	0	8
sk__Bacteria;k__;p__Bacteroidetes;c__Bacteroidia;o__Marinilabiliales;f__Marinilabiliaceae	1	0	17	0	0	0	2	9	1	0	6
sk__Bacteria;k__;p__Bacteroidetes;c__Bacteroidia;o__Marinilabiliales;f__Marinilabiliaceae;g__Alkaliflexus	0	0	2	0	0	0	0	0	0	0	0
sk__Bacteria;k__;p__Bacteroidetes;c__Bacteroidia;o__Marinilabiliales;f__Marinilabiliaceae;g__Labilibacter	0	0	1	0	0	0	0	0	0	0	0
sk__Bacteria;k__;p__Bacteroidetes;c__Bacteroidia;o__Marinilabiliales;f__Prolixibacteraceae	1	20	1056	0	0	0	5	952	1	5	646
sk__Bacteria;k__;p__Bacteroidetes;c__Bacteroidia;o__Marinilabiliales;f__Prolixibacteraceae;g__Prolixibacter	0	0	1	0	0	0	0	6	0	0	1
sk__Bacteria;k__;p__Bacteroidetes;c__Bacteroidia;o__Marinilabiliales;f__Prolixibacteraceae;g__Roseimarinus	0	6	21	0	0	0	0	74	0	0	16
sk__Bacteria;k__;p__Bacteroidetes;c__Chitinophagia	5	8	3	0	2	0	2	3	5	1	4
sk__Bacteria;k__;p__Bacteroidetes;c__Chitinophagia;o__Chitinophagales	2000	90	523	0	496	0	74	267	1882	35	303
sk__Bacteria;k__;p__Bacteroidetes;c__Chitinophagia;o__Chitinophagales;f__Chitinophagaceae	3349	3049	833	0	1868	0	2365	885	3162	1151	1070
sk__Bacteria;k__;p__Bacteroidetes;c__Chitinophagia;o__Chitinophagales;f__Chitinophagaceae;g__;s__Chitinophagaceae_bacterium	0	1	0	0	0	0	0	0	0	0	1
sk__Bacteria;k__;p__Bacteroidetes;c__Chitinophagia;o__Chitinophagales;f__Chitinophagaceae;g__;s__Chitinophagaceae_bacterium_PMP191F	1	0	0	0	0	0	0	0	0	0	0
sk__Bacteria;k__;p__Bacteroidetes;c__Chitinophagia;o__Chitinophagales;f__Chitinophagaceae;g__Arachidicoccus	0	4	0	0	0	0	8	0	0	0	0
sk__Bacteria;k__;p__Bacteroidetes;c__Chitinophagia;o__Chitinophagales;f__Chitinophagaceae;g__Asinibacterium	0	0	1	0	0	0	0	0	0	0	0
sk__Bacteria;k__;p__Bacteroidetes;c__Chitinophagia;o__Chitinophagales;f__Chitinophagaceae;g__Chitinophaga	55	1	71	0	29	0	0	79	71	2	54
sk__Bacteria;k__;p__Bacteroidetes;c__Chitinophagia;o__Chitinophagales;f__Chitinophagaceae;g__Cnuella	0	0	0	0	0	0	0	1	1	0	0
sk__Bacteria;k__;p__Bacteroidetes;c__Chitinophagia;o__Chitinophagales;f__Chitinophagaceae;g__Dinghuibacter	14	11	7	0	10	0	12	15	14	10	14
sk__Bacteria;k__;p__Bacteroidetes;c__Chitinophagia;o__Chitinophagales;f__Chitinophagaceae;g__Dinghuibacter;s__Dinghuibacter_silviterrae	0	0	0	0	1	0	0	0	1	0	0
sk__Bacteria;k__;p__Bacteroidetes;c__Chitinophagia;o__Chitinophagales;f__Chitinophagaceae;g__Ferruginibacter	387	42	165	0	209	0	18	290	318	125	293
sk__Bacteria;k__;p__Bacteroidetes;c__Chitinophagia;o__Chitinophagales;f__Chitinophagaceae;g__Ferruginibacter;s__Ferruginibacter_paludis	1	0	12	0	1	0	0	14	0	0	12
sk__Bacteria;k__;p__Bacteroidetes;c__Chitinophagia;o__Chitinophagales;f__Chitinophagaceae;g__Flaviaesturariibacter	0	0	0	0	0	0	0	0	0	2	0
sk__Bacteria;k__;p__Bacteroidetes;c__Chitinophagia;o__Chitinophagales;f__Chitinophagaceae;g__Flavihumibacter	1	0	0	0	0	0	0	0	0	0	0
sk__Bacteria;k__;p__Bacteroidetes;c__Chitinophagia;o__Chitinophagales;f__Chitinophagaceae;g__Flavisolibacter	62	8	9	0	21	0	4	9	42	33	12
sk__Bacteria;k__;p__Bacteroidetes;c__Chitinophagia;o__Chitinophagales;f__Chitinophagaceae;g__Flavitalea	1	0	0	0	1	0	0	0	5	0	0
sk__Bacteria;k__;p__Bacteroidetes;c__Chitinophagia;o__Chitinophagales;f__Chitinophagaceae;g__Heliimonas	58	0	2	0	9	0	0	7	29	0	5
sk__Bacteria;k__;p__Bacteroidetes;c__Chitinophagia;o__Chitinophagales;f__Chitinophagaceae;g__Lacibacter	1	0	1	0	1	0	0	1	1	0	1
sk__Bacteria;k__;p__Bacteroidetes;c__Chitinophagia;o__Chitinophagales;f__Chitinophagaceae;g__Niabella	0	4	0	0	0	0	0	0	1	0	0
sk__Bacteria;k__;p__Bacteroidetes;c__Chitinophagia;o__Chitinophagales;f__Chitinophagaceae;g__Niastella	23	554	2	0	0	0	637	1	18	222	4
sk__Bacteria;k__;p__Bacteroidetes;c__Chitinophagia;o__Chitinophagales;f__Chitinophagaceae;g__Niastella;s__Niastella_sp.	0	0	0	0	1	0	0	0	0	0	0
sk__Bacteria;k__;p__Bacteroidetes;c__Chitinophagia;o__Chitinophagales;f__Chitinophagaceae;g__Niastella;s__Niastella_sp._HME8655	0	0	0	0	0	0	0	0	2	0	0
sk__Bacteria;k__;p__Bacteroidetes;c__Chitinophagia;o__Chitinophagales;f__Chitinophagaceae;g__Parafilimonas	116	0	27	0	92	0	0	54	93	4	76
sk__Bacteria;k__;p__Bacteroidetes;c__Chitinophagia;o__Chitinophagales;f__Chitinophagaceae;g__Parasediminibacterium	0	22	0	0	0	0	3	0	0	5	1
sk__Bacteria;k__;p__Bacteroidetes;c__Chitinophagia;o__Chitinophagales;f__Chitinophagaceae;g__Parasegetibacter	7	0	0	0	2	0	0	0	4	0	0
sk__Bacteria;k__;p__Bacteroidetes;c__Chitinophagia;o__Chitinophagales;f__Chitinophagaceae;g__Pseudoflavitalea	3	1	0	0	0	0	1	0	0	0	0
sk__Bacteria;k__;p__Bacteroidetes;c__Chitinophagia;o__Chitinophagales;f__Chitinophagaceae;g__Sediminibacterium	53	4	5	0	4	0	3	1	24	0	17
sk__Bacteria;k__;p__Bacteroidetes;c__Chitinophagia;o__Chitinophagales;f__Chitinophagaceae;g__Sediminibacterium;s__Sediminibacterium_sp._TEGAF015	0	0	0	0	0	0	0	0	1	0	0
sk__Bacteria;k__;p__Bacteroidetes;c__Chitinophagia;o__Chitinophagales;f__Chitinophagaceae;g__Segetibacter	10	1	6	0	13	0	4	28	18	20	15
sk__Bacteria;k__;p__Bacteroidetes;c__Chitinophagia;o__Chitinophagales;f__Chitinophagaceae;g__Segetibacter;s__Segetibacter_aerophilus	0	0	0	0	0	0	0	2	0	0	0
sk__Bacteria;k__;p__Bacteroidetes;c__Chitinophagia;o__Chitinophagales;f__Chitinophagaceae;g__Taibaiella	4	18	7	0	2	0	11	11	5	10	2
sk__Bacteria;k__;p__Bacteroidetes;c__Chitinophagia;o__Chitinophagales;f__Chitinophagaceae;g__Terrimonas	132	75	15	0	14	0	132	10	73	32	22
sk__Bacteria;k__;p__Bacteroidetes;c__Cytophagia	2	1	2	0	0	0	4	4	0	2	1
sk__Bacteria;k__;p__Bacteroidetes;c__Cytophagia;o__Cytophagales	32	46	12	0	18	0	35	24	42	13	16
sk__Bacteria;k__;p__Bacteroidetes;c__Cytophagia;o__Cytophagales;f__;g__Chryseolinea	8	7	0	0	2	0	2	2	9	3	0
sk__Bacteria;k__;p__Bacteroidetes;c__Cytophagia;o__Cytophagales;f__Amoebophilaceae	0	0	1	0	0	0	0	0	1	0	1
sk__Bacteria;k__;p__Bacteroidetes;c__Cytophagia;o__Cytophagales;f__Amoebophilaceae;g__Candidatus_Amoebophilus	0	0	3	0	0	0	0	6	1	0	0
sk__Bacteria;k__;p__Bacteroidetes;c__Cytophagia;o__Cytophagales;f__Cyclobacteriaceae	5	1	3	0	4	0	0	2	13	2	3
sk__Bacteria;k__;p__Bacteroidetes;c__Cytophagia;o__Cytophagales;f__Cyclobacteriaceae;g__Echinicola;s__Echinicola_rosea	0	0	0	0	0	0	0	0	1	0	0
sk__Bacteria;k__;p__Bacteroidetes;c__Cytophagia;o__Cytophagales;f__Cytophagaceae	6	33	1	0	5	0	27	5	10	12	3
sk__Bacteria;k__;p__Bacteroidetes;c__Cytophagia;o__Cytophagales;f__Cytophagaceae;g__Cytophaga	12	15	2	0	28	0	25	8	5	12	3
sk__Bacteria;k__;p__Bacteroidetes;c__Cytophagia;o__Cytophagales;f__Cytophagaceae;g__Cytophaga;s__Cytophaga_hutchinsonii	0	0	0	0	0	0	0	1	0	0	0
sk__Bacteria;k__;p__Bacteroidetes;c__Cytophagia;o__Cytophagales;f__Cytophagaceae;g__Dyadobacter	3	952	1	0	0	0	920	0	0	376	4
sk__Bacteria;k__;p__Bacteroidetes;c__Cytophagia;o__Cytophagales;f__Cytophagaceae;g__Ohtaekwangia	7	13	1	0	4	0	4	3	52	3	6
sk__Bacteria;k__;p__Bacteroidetes;c__Cytophagia;o__Cytophagales;f__Cytophagaceae;g__Persicitalea	0	0	0	0	0	0	0	0	0	0	1
sk__Bacteria;k__;p__Bacteroidetes;c__Cytophagia;o__Cytophagales;f__Cytophagaceae;g__Pseudarcicella	0	0	1	0	0	0	0	0	0	0	0
sk__Bacteria;k__;p__Bacteroidetes;c__Cytophagia;o__Cytophagales;f__Cytophagaceae;g__Rhodocytophaga	0	4	0	0	0	0	3	0	0	3	0
sk__Bacteria;k__;p__Bacteroidetes;c__Cytophagia;o__Cytophagales;f__Cytophagaceae;g__Spirosoma	0	0	1	0	1	0	0	2	2	1	1
sk__Bacteria;k__;p__Bacteroidetes;c__Cytophagia;o__Cytophagales;f__Cytophagaceae;g__Sporocytophaga	9	0	5	0	3	0	0	4	10	1	0
sk__Bacteria;k__;p__Bacteroidetes;c__Cytophagia;o__Cytophagales;f__Flammeovirgaceae	1	0	0	0	0	0	0	2	2	0	3
sk__Bacteria;k__;p__Bacteroidetes;c__Cytophagia;o__Cytophagales;f__Flammeovirgaceae;g__Imperialibacter	0	0	0	0	0	0	0	0	0	0	1
sk__Bacteria;k__;p__Bacteroidetes;c__Cytophagia;o__Cytophagales;f__Hymenobacteraceae	11	38	6	0	13	0	8	4	25	6	4
sk__Bacteria;k__;p__Bacteroidetes;c__Cytophagia;o__Cytophagales;f__Hymenobacteraceae;g__Adhaeribacter	162	97	21	0	87	0	40	21	304	25	10
sk__Bacteria;k__;p__Bacteroidetes;c__Cytophagia;o__Cytophagales;f__Hymenobacteraceae;g__Hymenobacter	0	84	3	0	1	0	1	9	1	44	10
sk__Bacteria;k__;p__Bacteroidetes;c__Cytophagia;o__Cytophagales;f__Hymenobacteraceae;g__Pontibacter	0	3	0	0	0	0	6	0	1	1	1
sk__Bacteria;k__;p__Bacteroidetes;c__Cytophagia;o__Cytophagales;f__Microscillaceae	207	146	226	0	119	0	91	354	234	21	116
sk__Bacteria;k__;p__Bacteroidetes;c__Flavobacteriia	9	7	9	0	6	0	1	7	3	1	3
sk__Bacteria;k__;p__Bacteroidetes;c__Flavobacteriia;o__Flavobacteriales	47	207	26	0	27	0	163	44	63	73	54
sk__Bacteria;k__;p__Bacteroidetes;c__Flavobacteriia;o__Flavobacteriales;f__Crocinitomicaceae	0	0	1	0	0	0	0	0	2	0	0
sk__Bacteria;k__;p__Bacteroidetes;c__Flavobacteriia;o__Flavobacteriales;f__Crocinitomicaceae;g__Crocinitomix	0	1	0	0	0	0	0	0	0	0	0
sk__Bacteria;k__;p__Bacteroidetes;c__Flavobacteriia;o__Flavobacteriales;f__Crocinitomicaceae;g__Fluviicola	2	0	1	0	0	0	0	3	1	1	17
sk__Bacteria;k__;p__Bacteroidetes;c__Flavobacteriia;o__Flavobacteriales;f__Cryomorphaceae	0	2	1	0	2	0	0	7	1	0	3
sk__Bacteria;k__;p__Bacteroidetes;c__Flavobacteriia;o__Flavobacteriales;f__Cryomorphaceae;g__Cryomorpha	0	0	0	0	0	0	0	0	0	0	1
sk__Bacteria;k__;p__Bacteroidetes;c__Flavobacteriia;o__Flavobacteriales;f__Flavobacteriaceae	70	39	51	0	54	1	31	87	132	42	118
sk__Bacteria;k__;p__Bacteroidetes;c__Flavobacteriia;o__Flavobacteriales;f__Flavobacteriaceae;g__Chryseobacterium	3	55	13	0	0	1	46	16	2	39	26
sk__Bacteria;k__;p__Bacteroidetes;c__Flavobacteriia;o__Flavobacteriales;f__Flavobacteriaceae;g__Citreitalea	0	0	3	0	0	0	0	5	0	1	0
sk__Bacteria;k__;p__Bacteroidetes;c__Flavobacteriia;o__Flavobacteriales;f__Flavobacteriaceae;g__Cloacibacterium	1	1	0	0	0	0	0	0	1	0	0
sk__Bacteria;k__;p__Bacteroidetes;c__Flavobacteriia;o__Flavobacteriales;f__Flavobacteriaceae;g__Flavobacterium	186	110	428	0	229	0	83	568	625	97	1008
sk__Bacteria;k__;p__Bacteroidetes;c__Flavobacteriia;o__Flavobacteriales;f__Flavobacteriaceae;g__Myroides	0	0	0	0	0	0	5	0	0	0	0
sk__Bacteria;k__;p__Bacteroidetes;c__Flavobacteriia;o__Flavobacteriales;f__Flavobacteriaceae;g__Sinomicrobium	0	0	0	0	0	0	0	0	0	0	1
sk__Bacteria;k__;p__Bacteroidetes;c__Saprospiria;o__Saprospirales	12	4	4	0	2	0	3	14	13	1	12
sk__Bacteria;k__;p__Bacteroidetes;c__Saprospiria;o__Saprospirales;f__Haliscomenobacteraceae	4	0	2	0	2	0	1	5	3	0	3
sk__Bacteria;k__;p__Bacteroidetes;c__Saprospiria;o__Saprospirales;f__Haliscomenobacteraceae;g__Phaeodactylibacter	21	6	0	0	7	0	0	2	4	1	1
sk__Bacteria;k__;p__Bacteroidetes;c__Saprospiria;o__Saprospirales;f__Haliscomenobacteraceae;g__Portibacter	0	0	0	0	0	0	1	0	0	0	0
sk__Bacteria;k__;p__Bacteroidetes;c__Saprospiria;o__Saprospirales;f__Lewinellaceae	0	1	1	0	0	0	0	1	3	0	2
sk__Bacteria;k__;p__Bacteroidetes;c__Saprospiria;o__Saprospirales;f__Lewinellaceae;g__Lewinella	0	0	0	0	0	0	0	1	0	0	0
sk__Bacteria;k__;p__Bacteroidetes;c__Saprospiria;o__Saprospirales;f__Saprospiraceae	98	61	16	0	43	0	44	18	85	17	14
sk__Bacteria;k__;p__Bacteroidetes;c__Sphingobacteriia	4	22	2	0	3	0	8	4	14	10	5
sk__Bacteria;k__;p__Bacteroidetes;c__Sphingobacteriia;o__Sphingobacteriales	686	350	256	0	489	0	310	363	470	178	223
sk__Bacteria;k__;p__Bacteroidetes;c__Sphingobacteriia;o__Sphingobacteriales;f__Filobacteriaceae	0	0	0	0	0	0	0	0	1	0	0
sk__Bacteria;k__;p__Bacteroidetes;c__Sphingobacteriia;o__Sphingobacteriales;f__Sphingobacteriaceae	201	14978	217	0	167	0	10334	292	295	5991	281
sk__Bacteria;k__;p__Bacteroidetes;c__Sphingobacteriia;o__Sphingobacteriales;f__Sphingobacteriaceae;g__Arcticibacter	0	13	0	0	0	0	3	0	0	12	0
sk__Bacteria;k__;p__Bacteroidetes;c__Sphingobacteriia;o__Sphingobacteriales;f__Sphingobacteriaceae;g__Mucilaginibacter	85	1258	68	0	103	0	694	83	200	245	134
sk__Bacteria;k__;p__Bacteroidetes;c__Sphingobacteriia;o__Sphingobacteriales;f__Sphingobacteriaceae;g__Mucilaginibacter;s__Mucilaginibacter_auburnensis	0	0	2	0	0	0	0	0	0	0	0
sk__Bacteria;k__;p__Bacteroidetes;c__Sphingobacteriia;o__Sphingobacteriales;f__Sphingobacteriaceae;g__Mucilaginibacter;s__Mucilaginibacter_sp._1042	0	0	1	0	0	0	0	0	0	0	0
sk__Bacteria;k__;p__Bacteroidetes;c__Sphingobacteriia;o__Sphingobacteriales;f__Sphingobacteriaceae;g__Mucilaginibacter;s__Mucilaginibacter_sp._R20-71	0	0	0	0	0	0	0	1	0	0	2
sk__Bacteria;k__;p__Bacteroidetes;c__Sphingobacteriia;o__Sphingobacteriales;f__Sphingobacteriaceae;g__Parapedobacter	1	0	0	0	0	0	1	0	0	0	1
sk__Bacteria;k__;p__Bacteroidetes;c__Sphingobacteriia;o__Sphingobacteriales;f__Sphingobacteriaceae;g__Pedobacter	3	10258	4	0	4	0	3669	3	5	6820	0
sk__Bacteria;k__;p__Bacteroidetes;c__Sphingobacteriia;o__Sphingobacteriales;f__Sphingobacteriaceae;g__Pedobacter;s__Pedobacter_bauzanensis	0	1	0	0	0	0	0	0	0	0	0
sk__Bacteria;k__;p__Bacteroidetes;c__Sphingobacteriia;o__Sphingobacteriales;f__Sphingobacteriaceae;g__Solitalea	0	2	0	0	0	0	1	1	1	1	0
sk__Bacteria;k__;p__Bacteroidetes;c__Sphingobacteriia;o__Sphingobacteriales;f__Sphingobacteriaceae;g__Sphingobacterium	2	16	0	0	0	0	6	2	0	5	9
sk__Bacteria;k__;p__Bacteroidetes;c__Sphingobacteriia;o__Sphingobacteriales;f__Sphingobacteriaceae;g__Sphingobacterium;s__Sphingobacterium_sp._P-7	0	22	0	0	0	0	1	0	1	0	0
sk__Bacteria;k__;p__Balneolaeota;c__Balneolia;o__Balneolales	0	0	1	0	0	0	0	0	0	0	0
sk__Bacteria;k__;p__Caldiserica;c__Caldisericia;o__Caldisericales	6	0	4	0	0	0	0	9	2	0	1
sk__Bacteria;k__;p__Calditrichaeota	1	0	1	0	0	0	0	0	0	0	0
sk__Bacteria;k__;p__Calditrichaeota;c__Calditrichae	0	0	7	0	0	0	0	4	0	0	2
sk__Bacteria;k__;p__Calditrichaeota;c__Calditrichae;o__Calditrichales	75	34	323	0	44	0	55	238	85	10	196
sk__Bacteria;k__;p__Calditrichaeota;c__Calditrichae;o__Calditrichales;f__Calditrichaceae	8	6	47	0	7	0	5	25	5	0	14
sk__Bacteria;k__;p__Candidatus_Adlerbacteria	0	0	2	0	0	0	0	0	0	0	0
sk__Bacteria;k__;p__Candidatus_Amesbacteria	0	0	1	0	0	0	0	7	0	0	3
sk__Bacteria;k__;p__Candidatus_Azambacteria	1	12	9	0	1	0	5	3	2	1	4
sk__Bacteria;k__;p__Candidatus_Beckwithbacteria	0	0	6	0	0	0	0	0	0	0	0
sk__Bacteria;k__;p__Candidatus_Berkelbacteria	1	15	59	0	1	0	6	54	0	1	27
sk__Bacteria;k__;p__Candidatus_Berkelbacteria;c__;o__;f__;g__;s__Berkelbacteria_bacterium_GW2011_GWE1_39_12	0	0	2	0	0	0	0	1	0	0	3
sk__Bacteria;k__;p__Candidatus_Berkelbacteria;c__;o__;f__;g__;s__Candidatus_Berkelbacteria_bacterium_RIFOXYA2_FULL_43_10	0	0	1	0	0	0	0	0	0	0	1
sk__Bacteria;k__;p__Candidatus_Campbellbacteria	0	0	0	0	0	0	0	0	0	1	4
sk__Bacteria;k__;p__Candidatus_Cloacimonetes	0	0	3	0	0	0	0	3	0	0	3
sk__Bacteria;k__;p__Candidatus_Collierbacteria	0	0	0	0	0	0	1	1	0	0	0
sk__Bacteria;k__;p__Candidatus_Curtissbacteria	0	0	0	0	0	0	1	0	0	0	0
sk__Bacteria;k__;p__Candidatus_Dadabacteria	0	1	0	0	1	0	0	0	0	0	2
sk__Bacteria;k__;p__Candidatus_Dadabacteria;c__;o__;f__;g__;s__Candidatus_Dadabacteria_bacterium_CSP1-2	0	0	0	0	0	0	0	0	1	0	0
sk__Bacteria;k__;p__Candidatus_Doudnabacteria	5	1	22	0	1	0	0	13	4	1	24
sk__Bacteria;k__;p__Candidatus_Falkowbacteria	0	0	0	0	0	0	1	5	0	0	1
sk__Bacteria;k__;p__Candidatus_Firestonebacteria	0	0	48	0	0	0	0	47	0	0	45
sk__Bacteria;k__;p__Candidatus_Gottesmanbacteria	0	0	2	0	0	0	0	3	1	0	0
sk__Bacteria;k__;p__Candidatus_Hydrogenedentes	5	0	19	0	1	0	0	18	4	2	5
sk__Bacteria;k__;p__Candidatus_Kaiserbacteria	0	10	0	0	0	0	6	0	0	3	0
sk__Bacteria;k__;p__Candidatus_Komeilibacteria	0	0	0	0	0	0	0	1	0	0	0
sk__Bacteria;k__;p__Candidatus_Kuenenbacteria	0	0	1	0	0	0	0	0	0	0	0
sk__Bacteria;k__;p__Candidatus_Latescibacteria	7	11	6	0	6	0	0	12	2	0	2
sk__Bacteria;k__;p__Candidatus_Latescibacteria;c__;o__;f__;g__Candidatus_Latescibacter	0	0	0	0	0	0	0	0	0	0	2
sk__Bacteria;k__;p__Candidatus_Magasanikbacteria	0	1	7	0	0	0	0	2	0	0	8
sk__Bacteria;k__;p__Candidatus_Marinimicrobia	0	0	1	0	0	0	0	1	2	0	0
sk__Bacteria;k__;p__Candidatus_Melainabacteria	0	0	0	0	0	0	0	1	0	0	0
sk__Bacteria;k__;p__Candidatus_Melainabacteria;c__;o__Vampirovibrionales	105	5	32	0	72	0	0	44	105	0	24
sk__Bacteria;k__;p__Candidatus_Microgenomates	0	0	1	0	0	0	0	3	0	0	3
sk__Bacteria;k__;p__Candidatus_Moranbacteria	0	1	3	0	1	0	1	1	1	0	1
sk__Bacteria;k__;p__Candidatus_Nomurabacteria	0	24	6	0	0	0	71	5	0	12	7
sk__Bacteria;k__;p__Candidatus_Omnitrophica	6	2	36	0	9	0	8	76	4	0	21
sk__Bacteria;k__;p__Candidatus_Omnitrophica;c__;o__;f__;g__;s__Omnitrophica_bacterium_RIFOXYB12_FULL_50_7	0	0	1	0	0	0	0	1	0	0	1
sk__Bacteria;k__;p__Candidatus_Omnitrophica;c__;o__;f__;g__Candidatus_Omnitrophus	22	0	44	0	21	0	2	106	14	0	41
sk__Bacteria;k__;p__Candidatus_Parcubacteria	1	0	0	0	1	0	0	0	0	0	3
sk__Bacteria;k__;p__Candidatus_Peregrinibacteria	0	0	63	0	0	0	1	38	1	0	15
sk__Bacteria;k__;p__Candidatus_Peregrinibacteria;c__Candidatus_Peribacteria	9	13	13	0	3	0	0	1	8	1	7
sk__Bacteria;k__;p__Candidatus_Peregrinibacteria;c__Candidatus_Peribacteria;o__Candi